{"cameraMode":{"drawMode":0,"name":"Shaded","section":"Shading Mode"},"sceneLighting":true,"audioPlay":false,"sceneViewState":{"showFog":false,"showMaterialUpdate":false,"showSkybox":false,"showFlares":false,"showImageEffects":false,"showParticleSystems":false},"in2DMode":false,"pivot":{"x":-0.42019960284233096,"y":0.1155216321349144,"z":-0.6142346262931824},"rotation":{"x":0.05192451924085617,"y":-0.9458625316619873,"z":0.1906425654888153,"w":0.2574944794178009},"size":4.850304126739502,"orthographic":true}